Carla Brodley,Anselm Blumer;Roni Khardon;Donna Slonim,Chemistry;Physics;Tufts Medical Center;Geography;Astrophysics
Eric Miller,Roni Khardon,Biomedical Engineering;Civil and Environmental Engineering;Tufts Medical Center;Molecular Biology
Matthias Scheutz,Roni Khardon;Robert Jacob,Psychology
Anselm Blumer,Carla Brodley;Lenore Cowen;Benjamin Hescott;Roni Khardon;Donna Slonim,Cognitive Science
Donna Slonim,Carla Brodley;Anselm Blumer;Lenore Cowen;Benjamin Hescott,Biomedical Engineering;Tufts Medical Center
Soha Hassoun,,Chemical and Biological Engineering
Norman Ramsey,Benjamin Hescott,Center for Engineering Education and Outreach
Roni Khardon,Carla Brodley,ECE;Chemistry;Tufts Medical Center;Astrophysics
Diane Souvaine,Benjamin Hescott,Mathematics;Chemical and Biological Engineering
Ethan Danahy,Robert Jacob,Center for Engineering Education and Outreach;Mechanical Engineering;Human Factors Engineering;Education
Remco Chang,Robert Jacob;Matthias Scheutz,Finance/Economics;Political Science;Architecture;Geography;Cognitive Science;Transportation;Biomechanics
Robert Jacob,Ethan Danahy;Matthias Scheutz;Remco Chang;Sara Su;Lenore Cowen,Child Development;Biomedical Engineering;Psychology;Mechanical Engineering
Sara Su,Remco Chang;Lenore Cowen;Samuel Guyer;Robert Jacob,Tufts UIT
Godfried Toussaint,Diane Souvaine,
Alva Couch,Remco Chang,Civil and Environmental Engineering